{
  "M": [
    [
      1.8781172429669701,
      0.030222576323606407,
      -211.61847941789213
    ],
    [
      0.004510668351376966,
      1.9125233809838196,
      -80.83117685667463
    ],
    [
      -1.530391793350035e-05,
      8.700635523038741e-05,
      1.0
    ]
  ],
  "size": [
    800,
    800
  ]
}